{
    "fx": 426.3719482421875,
    "fy": 425.67071533203125,
    "cx": 435.5245056152344,
    "cy": 244.9739990234375,
    "width": 848,
    "height": 480
}